Name,Sequence,FdeltaG,TdeltaG,GCrate,Hsum,Ssum,Gsum,Tm
FO,CCCATGTTTTCAGCATTATCAGAA,-5.1,-4.0,0.375,-188.5,-510.5999999999999,-30.199999999999992,60.09731484172522
FI,GTCCCCCCACTGTGTTTAGCATTTTACCCCACAAGATTTAAACACC,-5.9,-4.6,0.45652173913043476,-374.40000000000003,-995.2999999999995,-65.70000000000002,73.78631638704456
FC,GTCCCCCCACTGTGTTTAGCA,-5.9,-4.199999999999999,0.5714285714285714,-173.2,-461.6999999999999,-29.999999999999996,64.35153852499184
RC,CCTGTTGCACCAGGCCAGAT,-4.6000000000000005,-4.300000000000001,0.6,-167.6,-446.29999999999995,-29.200000000000003,64.20187436843457
RI,ATCTGGCCTGGTGCAACAGGTTTTCAAGGGGAAGTGACATAGCAG,-4.300000000000001,-4.5,0.5111111111111111,-379.00000000000006,-1004.6999999999997,-67.40000000000002,74.8940557337437
RO,TCCTGAAGGGTACTGGTAGT,-4.9,-4.1,0.5,-161.0,-433.8999999999999,-26.400000000000002,59.473724395691534
FO-FI,FO-FC,FO-RC,FO-RI,FO-RO,FIhead-FO,FItale-FO,FIhead-FC,FItale-FC,FIhead-RC,FItale-RC,FIhead-RI,FItale-RI,FIhead-RO,FItale-RO,FC-FO,FC-FI,FC-RC,FC-RI,FC-RO,RC-FO,RC-FI,RC-FC,RC-RI,RC-RO,RIhead-FO,RItale-FO,RIhead-FI,RItale-FI,RIhead-FC,RItale-FC,RIhead-RC,RItale-RC,RIhead-RO,RItale-RO,RO-FO,RO-FI,RO-FC,RO-RC,RO-RI,SumG,MaxG
-2.938002995629122,-2.938002995629122,-2.4336779956291283,-2.7549194934374825,-3.091759493437483,-0.5404314978145612,-3.1301059912458404,-1.7096179956291198,-3.9154689868718635,-1.5603614978176665,-1.414494493434384,-5.253984493440584,-3.531989493440582,-3.2145079956291265,-1.659042995626023,-2.6846164978176676,-3.29553898687187,-2.3613029956260254,-2.3613029956260254,-1.273141497814562,-2.1278464978176634,-2.8107479956291246,-2.8107479956291246,-8.89010348030625,-4.562634493440586,-2.7549194934374825,-2.6846164978176676,-2.1278464978176634,-2.0280409912489485,-2.1278464978176634,-2.0280409912489485,-8.955893480306258,-2.4432629956260206,-2.188557995626023,-2.7742909912489413,-3.0272879956291217,-1.8276644934374817,-1.5434579956260204,-4.524475991248946,-2.7742909912489413,-117.0748457506771,-0.5404314978145612
